{
    "active": true, 
    "adult": false, 
    "categories": [
        "movie",
        "tvshow"
    ], 
    "changes": [
        {
            "date": "06/12/2020",
            "description": "Primera versión"
        }
    ], 
    "id": "aquipelis",
    "min_version": {
        "main": "2.3.202012051841",
        "python": "2.7.9"
    }, 
    "name": "AquiPelis",
    "newest": {
        "movie": {
            "action": "movies",
            "content_type": "movies",
            "url": "https://www.aquipelis.info/peliculas/"
        },
        "tvshow": {
            "action": "tvshows",
            "content_type": "tvshows",
            "url": "https://www.aquipelis.info/series/"
        }
    }, 
    "search": {
        "movie": {
            "action": "search",
            "content_type": "movies"
        }, 
        "movie_gender": {
            "action_gender": "movies",
            "content_type": "movies",
            "url": {
                "action": "https://www.aquipelis.info/genero/accion/",
                "adventure": "https://www.aquipelis.info/genero/aventura/",
                "animation": "https://www.aquipelis.info/genero/animacion/",
                "comedy": "https://www.aquipelis.info/genero/comedia/",
                "drama": "https://www.aquipelis.info/genero/drama/",
                "fantasia": "https://www.aquipelis.info/genero/fantasia/",
                "intrigue": "https://www.aquipelis.info/genero/suspense/",
                "musical": "https://www.aquipelis.info/genero/musica/",
                "romantic": "https://www.aquipelis.info/genero/romance/",
                "science-fiction": "https://www.aquipelis.info/genero/ciencia-ficcion/",
                "terror": "https://www.aquipelis.info/genero/terror/",
                "war": "https://www.aquipelis.info/genero/guerra/",
                "western": "https://www.aquipelis.info/genero/western/"
            }
        },
        "tvshow": {
            "action": "search",
            "content_type": "tvshows"
        }
    }, 
    "settings": [],
    "version": 1
}