{
    "active": true, 
    "adult": false, 
    "categories": [
        "movie",
        "tvshow", 
        "adult"
    ], 
    "changes": [
        {
            "date": "29/01/2020",
            "description": "Reparado por cambios en la web"
        },
        {
            "date": "26/01/2020",
            "description": "Reparado por cambios en la web"
        },
        {
            "date": "11/12/2020",
            "description": "Primera versión"
        }
    ], 
    "id": "pelishouse",
    "min_version": {
        "main": "2.3.202012051841",
        "python": "2.7.9"
    }, 
    "name": "PelisHouse",
    "newest": {
        "movie": {
            "action": "movies",
            "content_type": "movies",
            "url": "https://pelishouse.com/movies"
        },
        "tvshow": {
            "action": "tvshows",
            "content_type": "tvshows",
            "url": "https://pelishouse.com/tvshows"
        }
    }, 
    "search": {
        "movie": {
            "action": "search",
            "content_type": "movies"
        }, 
        "movie_gender": {
            "action_gender": "movies",
            "content_type": "movies",
            "url": {
                "action": "https://pelishouse.com/genre/accion/",
                "adventure": "https://pelishouse.com/genre/aventura/",
                "animation": "https://pelishouse.com/genre/animacion/",
                "comedy": "https://pelishouse.com/genre/comedia/",
                "drama": "https://pelishouse.com/genre/drama/",
                "fantasia": "https://pelishouse.com/genre/fantasia/",
                "children": "https://pelishouse.com/genre/kids/",
                "intrigue": "https://pelishouse.com/genre/suspense/",
                "musical": "https://pelishouse.com/genre/musica/",
                "romantic": "https://pelishouse.com/genre/romance/",
                "science-fiction": "https://pelishouse.com/genre/ciencia-ficcion/",
                "terror": "https://pelishouse.com/genre/terror/",
                "war": "https://pelishouse.com/genre/belica/",
                "western": "https://pelishouse.com/genre/western/"
            }
        },
        "tvshow": {
            "action": "search",
            "content_type": "tvshows"
        }
    }, 
    "settings": [],
    "version": 3
}
