{
    "active": true,
    "adult": true,
    "categories": [
        "adult"
    ],
    "changes": [
        {
            "date": "15/12/2020",
            "description": "Reparado por cambios en la web"
        },
        {
            "date": "13/07/2020",
            "description": "Reparado por cambios en la web"
        },
        {
            "date": "12/03/2020",
            "description": "Reparado por cambios en la web"
        },
        {
            "date": "30/12/2019",
            "description": "Soporte Python 3"
        },
        {
            "date": "31/08/2019",
            "description": "Reparado por cambios en la web"
        },
        {
            "date": "11/02/2019",
            "description": "Primera versión"
        }
    ],
    "id": "pornhd",
    "min_version": {
        "main": null,
        "python": null
    },
    "name": "PornHD",
    "search": {},
    "settings": [],
    "version": 6
}